grid_id,n_reaches,total_length_km,max_seg_length_km,main_hyriv_id,main_length_km,main_length_frac,n_exit_reaches,n_exit_downstream_cells,in_china,next_grid_id,has_next,rank_by
2760982,44,61.2294294824271,5.469073620154204,40812748,5.469073620154204,0.08932099590645105,0,0,True,-1.0,False,n_reaches
2860939,43,59.80997343111854,3.4584373323497912,40747039,3.4584373323497912,0.057823756372886136,0,0,True,-1.0,False,n_reaches
2880940,42,52.327494524595366,3.5553668077253406,40740388,3.5553668077253406,0.06794452591369954,3,2,True,2880939.0,True,n_reaches
2860964,41,53.6775966268388,4.577481940755332,40747795,4.577481940755332,0.08527732663922198,0,0,True,-1.0,False,n_reaches
2420982,40,74.00227083950227,5.47103218254223,41016922,5.47103218254223,0.07393059862187099,2,1,True,2420981.0,True,n_reaches
2460978,39,75.70874147013772,4.598920735890179,40992123,4.598920735890179,0.06074491064818664,1,1,True,2450978.0,True,n_reaches
2540982,39,63.94895608314701,4.743482778791587,40947265,4.743482778791587,0.07417607838076462,1,1,True,2530982.0,True,n_reaches
2840962,38,49.71986485453164,5.779295186765874,40758909,5.779295186765874,0.11623714593100164,0,0,True,-1.0,False,n_reaches
2381132,34,52.88172220042008,3.7324992162281787,41034016,3.7324992162281787,0.07058202836288355,2,1,True,2371132.0,True,n_reaches
2900954,34,51.365526361029175,4.07021149292244,40727079,4.07021149292244,0.07924013986179053,2,1,True,-1.0,False,n_reaches
2460976,34,48.277446617131204,4.1602893744588005,40995259,4.1602893744588005,0.08617459426660162,6,2,True,2450976.0,True,n_reaches
2860936,34,37.50328101190582,3.2300937671218772,40749257,3.2300937671218772,0.08612829811067595,5,2,True,2860935.0,True,n_reaches
2380976,33,77.05231776435326,9.35459176042964,41035655,9.35459176042964,0.12140571538728401,0,0,True,-1.0,False,n_reaches
2440976,33,60.9219913022229,6.5187906726981,41006397,6.5187906726981,0.10700225868126285,3,1,True,2440975.0,True,n_reaches
2400976,33,54.540623767538676,5.199437644378732,41024656,5.199437644378732,0.09533146644122757,3,2,True,2390976.0,True,n_reaches
2460982,32,56.94736163627798,5.121607440106564,40991615,5.121607440106564,0.08993581604040236,5,2,True,2460981.0,True,n_reaches
2741126,32,55.74709427938645,6.019350719556288,40827519,6.019350719556288,0.10797604426500229,2,2,True,2741127.0,True,n_reaches
2361134,32,54.97701694448204,5.801250655541422,41044390,5.801250655541422,0.10552137925925943,3,3,True,2371134.0,True,n_reaches
2440978,32,49.29010612446761,6.291878754537958,41005074,6.291878754537958,0.1276499332066698,3,2,True,2440977.0,True,n_reaches
2820972,32,48.82094020243502,3.840013237989886,40776211,3.840013237989886,0.07865504478339316,5,2,True,2820971.0,True,n_reaches
2520982,32,46.102070652919906,4.307386116092038,40956915,4.307386116092038,0.09343151088636031,8,5,True,2530982.0,True,n_reaches
2461118,31,61.676022844855666,5.722729832048805,40991665,5.722729832048805,0.0927869465001687,2,2,True,2461119.0,True,n_reaches
2840970,31,61.20685618509607,3.6505896475227395,40764088,3.6505896475227395,0.05964347583027245,2,2,True,2830970.0,True,n_reaches
2341134,31,59.5074091649779,7.419008179287277,41058100,7.419008179287277,0.12467368825819444,1,1,True,2331134.0,True,n_reaches
2480986,31,56.74815916152366,4.568932552073877,40982745,4.568932552073877,0.08051243634298715,1,1,True,2470986.0,True,n_reaches
2460984,31,55.28794458067419,4.213395305791794,40995967,4.213395305791794,0.07620821026623187,2,2,True,2450984.0,True,n_reaches
2261026,31,50.88800299698876,8.407628409469345,41098535,8.407628409469345,0.16521828160493657,0,0,True,-1.0,False,n_reaches
2421132,31,49.25930201868902,4.847272047129315,41013550,4.847272047129315,0.0984031817034325,1,1,True,2421131.0,True,n_reaches
2201126,31,48.43967435400411,3.852022121595117,41126375,3.852022121595117,0.07952204825829308,2,2,True,2201127.0,True,n_reaches
2860972,31,43.397476455525066,6.327960693342524,40748562,6.327960693342524,0.14581402445894737,2,2,True,2860971.0,True,n_reaches
2520978,31,38.731417747271536,3.4247973345217666,40960343,3.4247973345217666,0.08842426984906922,6,2,True,2510978.0,True,n_reaches
2420978,30,70.52251182739977,8.943702251160024,41015234,8.943702251160024,0.12682052892627077,3,2,True,2420977.0,True,n_reaches
2841194,30,63.94800306409401,7.235431140101908,40760694,7.235431140101908,0.11314553689581137,2,1,True,2841195.0,True,n_reaches
2221128,30,57.86054125958922,4.30900256945111,41115876,4.30900256945111,0.0744722132846792,3,1,True,2221127.0,True,n_reaches
2181122,30,54.3235277190942,3.4856355340299623,41136050,3.4856355340299623,0.06416438107727666,0,0,True,-1.0,False,n_reaches
2880852,30,49.801832395960176,6.109913124811821,40739303,6.109913124811821,0.12268450438196014,2,2,True,2870852.0,True,n_reaches
2380977,30,49.58076496981169,4.362983033071246,41034363,4.362983033071246,0.08799749329659882,3,1,True,2380976.0,True,n_reaches
2501092,29,62.02847993959938,6.784410992681983,40969663,6.784410992681983,0.10937574158335568,1,1,True,2491092.0,True,n_reaches
2181088,29,57.71814160968752,6.804115171834048,41133770,6.804115171834048,0.1178852087415793,3,1,True,2171088.0,True,n_reaches
3880962,29,57.105352860919616,4.549973633708924,40385447,4.549973633708924,0.07967683248171863,1,1,True,3890961.0,True,n_reaches
2941160,29,57.03597884066527,5.242045710067345,40708652,5.242045710067345,0.09190770136007369,2,2,True,2951161.0,True,n_reaches
2581122,29,56.34466047029862,6.344751391309031,40923237,6.344751391309031,0.1126060808309172,3,1,True,2581123.0,True,n_reaches
2920952,29,53.7755991476121,5.71605691257045,40718655,5.71605691257045,0.10629462066763921,2,1,True,2920951.0,True,n_reaches
2521094,29,51.184284949102796,5.423043868111308,40958233,5.423043868111308,0.10595134568166646,2,1,True,2521093.0,True,n_reaches
3021170,29,50.089766949806396,6.063662008618583,40672808,6.063662008618583,0.12105590378759029,1,1,True,3021169.0,True,n_reaches
2940956,29,49.93030791689594,5.63908155359138,40709133,5.63908155359138,0.11293905022530751,2,1,True,2940955.0,True,n_reaches
2480980,29,49.66094346292107,4.54589990045255,40982984,4.54589990045255,0.09153873413312634,5,2,True,2470980.0,True,n_reaches
2201114,29,49.544368082943016,4.505534192504645,41127127,4.505534192504645,0.09093938154508013,4,1,True,2201115.0,True,n_reaches
2400980,29,49.12080780751591,7.689573193705342,41024438,7.689573193705342,0.15654411107890556,3,1,True,2400979.0,True,n_reaches
2821180,29,48.2819354451668,7.463155957528094,40775494,7.463155957528094,0.15457449848927263,4,1,True,2831180.0,True,n_reaches
2500978,29,47.93842808265821,4.539278451188895,40969616,4.539278451188895,0.09468976419840067,5,4,True,2500977.0,True,n_reaches
2420980,29,47.91118862424733,6.311062938351137,41017164,6.311062938351137,0.13172419886817788,1,1,True,2420981.0,True,n_reaches
2341140,29,46.07182333395237,4.586411229274085,41056759,4.586411229274085,0.09954915819218631,4,2,True,2341139.0,True,n_reaches
2840964,29,42.03768393905705,4.197591187838784,40763783,4.197591187838784,0.09985305550905525,3,2,True,2830964.0,True,n_reaches
2880938,29,39.76705620671401,4.481875452095338,40737996,4.481875452095338,0.11270322421649726,2,1,True,2890938.0,True,n_reaches
2900964,29,38.847835664292404,4.774260174745658,40726905,4.774260174745658,0.12289642635442864,6,3,True,2900965.0,True,n_reaches
2601106,28,56.830944469102256,5.267633920055244,40911780,5.267633920055244,0.09268953682300918,2,2,True,2611106.0,True,n_reaches
2421138,28,56.59549445069725,4.9620412546344275,41015713,4.9620412546344275,0.08767555267066486,2,1,True,2421137.0,True,n_reaches
2961156,28,56.58045786872237,5.378119325104663,40700397,5.378119325104663,0.09505259461814435,1,1,True,2961157.0,True,n_reaches
3021182,28,55.59389842521044,4.515276296358063,40675528,4.515276296358063,0.08121891833925605,2,2,True,3031182.0,True,n_reaches
2901180,28,55.38413293776686,5.6428407397276645,40730285,5.6428407397276645,0.1018855119762969,3,2,True,2901179.0,True,n_reaches
2860848,28,55.02563069593283,5.291875627586868,40748989,5.291875627586868,0.09617110355044076,2,1,True,2850848.0,True,n_reaches
2921184,28,53.3168439724756,5.699091215739602,40717814,5.699091215739602,0.10689100837779732,3,1,True,2911184.0,True,n_reaches
2860968,28,51.06150863315912,7.9194617937919,40750538,7.9194617937919,0.15509651018515022,3,1,True,2860969.0,True,n_reaches
2781152,28,50.086122580135644,4.487763465119504,40797751,4.487763465119504,0.08960093602652662,3,1,True,2781153.0,True,n_reaches
2641108,28,50.024196715240194,5.813117334813822,40885988,5.813117334813822,0.11620611057294236,1,1,True,2641109.0,True,n_reaches
2781144,28,47.19127782502644,5.716153454450224,40799953,5.716153454450224,0.1211273294112591,1,1,True,2781145.0,True,n_reaches
2461132,28,46.37980607843043,4.067087063603425,40993446,4.067087063603425,0.08769090273309443,2,2,True,2461133.0,True,n_reaches
2201090,28,46.358601290600475,5.594800038416934,41124476,5.594800038416934,0.12068526406449881,4,2,True,2201089.0,True,n_reaches
2980952,28,45.268797216624264,4.393089597998652,40690477,4.393089597998652,0.09704453990629462,1,1,True,2970952.0,True,n_reaches
2920956,28,43.21888786374004,4.470241517727349,40718660,4.470241517727349,0.10343259020965716,1,1,True,2920955.0,True,n_reaches
2300998,27,62.507616193026216,9.46121170004184,41077914,9.46121170004184,0.1513609424941948,2,1,True,2310998.0,True,n_reaches
2281144,27,59.396396905432475,5.275227436792374,41087750,5.275227436792374,0.08881392999631421,1,1,True,2291144.0,True,n_reaches
2421134,27,58.69373277160811,8.111828733383804,41013986,8.111828733383804,0.1382060460347435,2,1,True,2411134.0,True,n_reaches
2241012,27,57.156283104539895,6.607466494937529,41106027,6.607466494937529,0.11560350211808473,2,2,True,2231013.0,True,n_reaches
2921176,27,56.71577675903936,5.005447554964494,40716987,5.005447554964494,0.08825494141128423,2,2,True,2921177.0,True,n_reaches
2500986,27,55.74471866780442,5.415372242975248,40972835,5.415372242975248,0.09714592471524873,1,1,True,2490986.0,True,n_reaches
2821168,27,53.856963591967386,4.908539213632286,40777105,4.908539213632286,0.09114028876229445,3,1,True,2831168.0,True,n_reaches
3001090,27,53.75932559321994,4.144861788357454,40683080,4.144861788357454,0.07710033082855858,1,1,True,2991090.0,True,n_reaches
2881200,27,52.934664304725615,6.5003230856526635,40740089,6.5003230856526635,0.12279898571251283,1,1,True,2881199.0,True,n_reaches
2961182,27,52.78004043633248,8.152439211468307,40701143,8.152439211468307,0.15446064732183057,1,1,True,2971182.0,True,n_reaches
3020948,27,52.01171316888351,6.897124747019979,40674260,6.897124747019979,0.13260714417586705,1,1,True,3020949.0,True,n_reaches
2860852,27,51.729349117517074,6.998229608344347,40751651,6.998229608344347,0.13528547580303,2,1,True,2850852.0,True,n_reaches
2741152,27,51.65659427451964,5.926409684859715,40825346,5.926409684859715,0.11472706956569535,2,1,True,2741151.0,True,n_reaches
2461146,27,50.789168883245296,4.073011852348308,40993690,4.073011852348308,0.08019449701394785,3,1,True,2471146.0,True,n_reaches
2921166,27,50.33502900282736,6.9464991774085325,40719498,6.9464991774085325,0.13800526820036882,3,2,True,2921165.0,True,n_reaches
2221118,27,50.133215861650406,6.12924611769466,41115027,6.12924611769466,0.12225918510013738,3,3,True,2221117.0,True,n_reaches
2961030,27,49.79507888563902,3.8168578059268965,40699780,3.8168578059268965,0.07665130553749729,1,1,True,2971030.0,True,n_reaches
2921158,27,47.52546458535441,4.363360188411425,40718161,4.363360188411425,0.0918109949367239,3,2,True,2911158.0,True,n_reaches
2900938,27,47.460735938044024,7.093852752864586,40729392,7.093852752864586,0.14946782034996275,3,1,True,2910938.0,True,n_reaches
2940944,27,46.786333939354925,6.3721976227295904,40709932,6.3721976227295904,0.1361978399715891,4,2,True,2940945.0,True,n_reaches
2520980,27,46.737613545915856,3.089105944042636,40959366,3.089105944042636,0.06609464432769645,5,3,True,2520981.0,True,n_reaches
2920946,27,44.59879160758313,3.8549312204694886,40717906,3.8549312204694886,0.08643577732751923,2,2,True,2920947.0,True,n_reaches
2841132,27,41.58106274273539,3.8141503795142273,40763309,3.8141503795142273,0.09172806388120987,2,2,True,2831132.0,True,n_reaches
2860966,27,38.57100145371452,3.486052160924427,40747798,3.486052160924427,0.09038013091539027,4,4,True,2870967.0,True,n_reaches
2261024,27,38.417657602770696,3.174741849180875,41096626,3.174741849180875,0.08263756947409286,1,1,True,2261023.0,True,n_reaches
2541114,27,36.98599212419046,4.340681527363336,40944148,4.340681527363336,0.11736014847968186,3,2,True,2551114.0,True,n_reaches
2201122,26,60.420626000210646,7.563741485767021,41127666,7.563741485767021,0.12518475869052814,2,1,True,2201121.0,True,n_reaches
4480928,26,57.82105084967816,7.699607575638433,40192543,7.699607575638433,0.1331627056667596,2,1,True,4480927.0,True,n_reaches
2301144,26,55.528060661466476,7.976093465209069,41079133,7.976093465209069,0.14364077135407782,1,1,True,2311143.0,True,n_reaches
2440984,26,54.89795677350015,6.77660009625725,41004838,6.77660009625725,0.12343993282329936,6,3,True,2430984.0,True,n_reaches
3380870,26,54.17730234394002,7.324276668917459,40552501,7.324276668917459,0.13519087056826692,0,0,True,-1.0,False,n_reaches
2521100,26,53.94468054299947,7.760782439854841,40960409,7.760782439854841,0.14386557417220588,3,1,True,2511100.0,True,n_reaches
2341158,26,53.771382994998135,4.831018813017146,41057478,4.831018813017146,0.08984367788097494,2,1,True,2341159.0,True,n_reaches
2401130,26,52.89217011543758,7.480665842421103,41025401,7.480665842421103,0.1414323864211752,2,1,True,2401131.0,True,n_reaches
2501146,26,52.120413317490815,7.132808489430206,40971373,7.132808489430206,0.13685249282235729,2,2,True,2501147.0,True,n_reaches
2581160,26,51.45464751317555,6.24473005388303,40923724,6.24473005388303,0.12136377092630934,1,1,True,2581159.0,True,n_reaches
2401086,26,51.44458829458763,6.07453562532121,41026009,6.07453562532121,0.11807919601837494,2,1,True,2391086.0,True,n_reaches
2841168,26,50.751737945662505,4.896341447912583,40759005,4.896341447912583,0.09647633058704048,3,2,True,2841167.0,True,n_reaches
2981186,26,50.32046632921789,4.984820360865321,40691886,4.984820360865321,0.0990614897773901,1,1,True,2971186.0,True,n_reaches
2201104,26,49.6204132987708,4.222248411222544,41127649,4.222248411222544,0.08509095613129723,2,1,True,2191104.0,True,n_reaches
2821110,26,49.474784350513694,4.122545976944605,40772455,4.122545976944605,0.08332620406665402,1,1,True,2831111.0,True,n_reaches
3021174,26,49.154782286419696,4.342623474148704,40672956,4.342623474148704,0.0883458998728689,1,1,True,3031174.0,True,n_reaches
2241082,26,48.779684464852835,5.1460696264787815,41106672,5.1460696264787815,0.10549616470329308,2,1,True,2251082.0,True,n_reaches
2541116,26,47.59675617734941,7.397655472384232,40946612,7.397655472384232,0.15542352182194857,3,3,True,2551116.0,True,n_reaches
2661158,26,47.548649629162966,6.065997671659029,40876954,6.065997671659029,0.1275745519371927,2,2,True,2671158.0,True,n_reaches
3021178,26,47.48038826454714,4.916188015908911,40672957,4.916188015908911,0.10354144512292776,4,3,True,3021179.0,True,n_reaches
2621166,26,47.471445378580675,4.8402831346637685,40901412,4.8402831346637685,0.10196199201568287,1,1,True,2621167.0,True,n_reaches
2381086,26,46.936268097404565,6.9050479058538725,41037780,6.9050479058538725,0.14711540106947066,4,2,True,2381087.0,True,n_reaches
2861182,26,46.50554162856655,4.576933198541006,40750619,4.576933198541006,0.09841694211619662,2,1,True,2861181.0,True,n_reaches
2401098,26,45.54677181100355,4.326403259902754,41026905,4.326403259902754,0.09498814269110391,2,2,True,2411097.0,True,n_reaches
2630986,26,45.394284561767606,6.808735869344407,40896326,6.808735869344407,0.14999103819071802,1,1,True,-1.0,False,n_reaches
2860938,26,45.29592697408092,8.444878397168537,40750954,8.444878397168537,0.1864379197273264,4,2,True,2860939.0,True,n_reaches
2441106,26,43.84920086716645,3.8091046709926153,41004896,3.8091046709926153,0.0868682802802185,3,2,True,2431107.0,True,n_reaches
2740986,26,43.58032085400135,4.475400941549082,40824677,4.475400941549082,0.10269316181820104,2,1,True,2730986.0,True,n_reaches
2361130,26,42.94000367773969,4.625473519470353,41047346,4.625473519470353,0.10771944860983376,4,2,True,2351129.0,True,n_reaches
2940954,26,42.192573738882636,4.467266230854006,40710114,4.467266230854006,0.10587802153290282,3,3,True,2940953.0,True,n_reaches
3001036,26,41.643523714134645,5.313945958836504,40684333,5.313945958836504,0.1276055790887082,3,3,True,3001037.0,True,n_reaches
2841178,26,41.38913888746548,5.197104026465774,40758769,5.197104026465774,0.12556685560906158,6,2,True,2841179.0,True,n_reaches
2321128,26,41.34202695379817,4.289497260823143,41066506,4.289497260823143,0.10375633651482247,2,2,True,2311128.0,True,n_reaches
2920948,26,41.054957819582185,3.722499175109435,40719203,3.722499175109435,0.09067112409341939,2,1,True,2920949.0,True,n_reaches
2900968,26,39.5057375783826,6.937943798739829,40728133,6.937943798739829,0.1756186372922258,2,2,True,2890967.0,True,n_reaches
2221124,26,36.17249965177861,3.951653118205802,41117453,3.951653118205802,0.10924467914153393,8,4,True,2221125.0,True,n_reaches
2480976,26,35.77829502233238,3.1182271315332026,40979999,3.1182271315332026,0.08715415671950949,3,2,True,2480977.0,True,n_reaches
2661156,25,59.95652817342358,6.11124997259232,40874872,6.11124997259232,0.10192801616056886,1,1,True,2671155.0,True,n_reaches
2421136,25,59.58005606250027,4.618857369828611,41013990,4.618857369828611,0.07752354856771816,2,2,True,2411135.0,True,n_reaches
2561002,25,57.9577814554632,5.685933018880851,40937054,5.685933018880851,0.09810473893397942,1,1,True,2551002.0,True,n_reaches
2441138,25,56.622250551399816,7.679413457894177,41002922,7.679413457894177,0.13562536605504683,4,1,True,2431138.0,True,n_reaches
2920942,25,56.562692100919364,9.557880035256611,40717471,9.557880035256611,0.1689785206510929,1,1,True,2920943.0,True,n_reaches
2181094,25,55.176115154695665,6.092483157829529,41135490,6.092483157829529,0.11041884954655128,2,1,True,2181093.0,True,n_reaches
2841198,25,54.79562604351273,5.068829332868221,40760699,5.068829332868221,0.09250426902401128,2,1,True,2841199.0,True,n_reaches
2601132,25,53.30807045244621,6.22741736319304,40911793,6.22741736319304,0.11681941046334149,1,1,True,2601131.0,True,n_reaches
2921150,25,53.13773376812533,8.02718279370899,40720313,8.02718279370899,0.15106370227862626,2,1,True,2921151.0,True,n_reaches
2321048,25,52.96805440604827,6.418958648760781,41065785,6.418958648760781,0.12118547152126129,2,1,True,2321049.0,True,n_reaches
1961096,25,52.633201923459865,4.794474361322933,41199442,4.794474361322933,0.09109220389622395,6,3,True,1971096.0,True,n_reaches
2381148,25,50.557397031165856,6.450451349431053,41035318,6.450451349431053,0.1275866980543857,3,1,True,2381147.0,True,n_reaches
2901158,25,50.49112484891083,4.786858284065738,40727176,4.786858284065738,0.09480593467445789,1,1,True,2911159.0,True,n_reaches
2181080,25,50.40321301212611,5.077790164155581,41132737,5.077790164155581,0.10074338242948828,3,1,True,2181081.0,True,n_reaches
2481112,25,49.863629359183,7.508018023245313,40979599,7.508018023245313,0.15057102982141068,3,1,True,2471112.0,True,n_reaches
2920940,25,49.850905216941676,6.266555244826137,40716340,6.266555244826137,0.12570594691420903,1,1,True,2920941.0,True,n_reaches
2281122,25,49.02342755506195,7.161440895490554,41089066,7.161440895490554,0.14608201124752027,1,1,True,2281123.0,True,n_reaches
2501122,25,48.896381683427386,4.699302161603552,40968394,4.699302161603552,0.09610736009115174,3,1,True,2491122.0,True,n_reaches
2981034,25,47.96248559565687,8.542638221861838,40692214,8.542638221861838,0.17811083215911136,1,1,True,2971034.0,True,n_reaches
2981184,25,47.6188825852616,6.762646188027528,40691715,6.762646188027528,0.14201606213499468,1,1,True,2981185.0,True,n_reaches
2321130,25,46.64398491301162,6.10034037183278,41065342,6.10034037183278,0.1307851458920066,1,1,True,2321131.0,True,n_reaches
2341092,25,46.50545671060383,4.284910966232627,41054748,4.284910966232627,0.09213781068524833,1,1,True,2351092.0,True,n_reaches
2761170,25,46.499473236328086,6.6310074621370765,40812263,6.6310074621370765,0.14260392646677444,3,1,True,2771170.0,True,n_reaches
2461100,25,45.553645311169824,8.801511806917938,40993169,8.801511806917938,0.19321201951668607,3,2,True,2461099.0,True,n_reaches
2940966,25,45.47407330497437,5.356096431529125,40710130,5.356096431529125,0.11778352019640226,1,1,True,2950966.0,True,n_reaches
2301156,25,45.1523557198916,4.636180550270806,41075032,4.636180550270806,0.10267859730358131,3,2,True,2291156.0,True,n_reaches
2781128,25,44.0088624057808,7.360147185670534,40802583,7.360147185670534,0.1672423867221739,3,2,True,2781129.0,True,n_reaches
2281028,25,43.97941195665843,5.101723772974374,41087913,5.101723772974374,0.11600254632786146,2,1,True,2281029.0,True,n_reaches
2521150,25,43.890890806969395,5.233102989692931,40956989,5.233102989692931,0.11922981952469215,3,2,True,2531149.0,True,n_reaches
1841098,25,43.77258169607716,5.144201343869842,41232522,5.144201343869842,0.11752108613531603,1,1,True,-1.0,False,n_reaches
2441148,25,43.63518336365432,4.193042632814119,41006889,4.193042632814119,0.09609315945505319,4,2,True,2431148.0,True,n_reaches
2221098,25,43.408152995584274,4.386308604694914,41116025,4.386308604694914,0.10104803595631251,3,2,True,2211098.0,True,n_reaches
2301138,25,43.2491939471921,5.473377313409648,41077488,5.473377313409648,0.12655443521312149,2,1,True,2311138.0,True,n_reaches
2721146,25,42.90086190660953,3.8747136455109863,40840903,3.8747136455109863,0.09031785081488136,3,2,True,2721147.0,True,n_reaches
2941186,25,42.83418008328247,6.379757730721673,40710226,6.379757730721673,0.14894081591657676,3,1,True,2941187.0,True,n_reaches
3060930,25,42.768077600142135,4.637089988433164,40656751,4.637089988433164,0.10842409218827627,2,2,True,3060931.0,True,n_reaches
2881168,25,42.6002413341944,5.90375840393633,40740296,5.90375840393633,0.1385850929252247,2,2,True,2891167.0,True,n_reaches
3041176,25,42.47426209205462,5.5438566839483565,40668411,5.5438566839483565,0.1305227309642987,2,1,True,3041175.0,True,n_reaches
2481134,25,42.337391174552415,6.214173098619747,40979144,6.214173098619747,0.1467774212397593,4,2,True,2481135.0,True,n_reaches
2181120,25,41.661551754515074,6.482921647763683,41136861,6.482921647763683,0.1556092218063168,0,0,True,-1.0,False,n_reaches
2701178,25,41.59245569913545,5.394327489170681,40851351,5.394327489170681,0.12969485447532278,2,1,True,2691178.0,True,n_reaches
2861164,25,41.518707959307875,3.9826184853851547,40752298,3.9826184853851547,0.09592346874783494,1,1,True,2871164.0,True,n_reaches
2900952,25,41.06643473183361,4.886401877752831,40726447,4.886401877752831,0.11898773072611102,6,2,True,-1.0,False,n_reaches
2941156,25,40.865559502397645,4.32870264172335,40709198,4.32870264172335,0.10592544662136287,6,2,True,2931156.0,True,n_reaches
2721078,25,40.84588406772798,4.145492614976606,40837295,4.145492614976606,0.1014910733258416,4,2,True,2731078.0,True,n_reaches
2941174,25,40.666398284873736,5.058601862766732,40707865,5.058601862766732,0.12439267002035753,2,1,True,2941173.0,True,n_reaches
2941178,25,38.31355094651342,5.166880403324931,40712300,5.166880403324931,0.1348577794456591,6,3,True,2931179.0,True,n_reaches
3021172,25,37.87714137852938,4.430641318086069,40673123,4.430641318086069,0.11697401537798134,3,3,True,3021171.0,True,n_reaches
2940964,25,37.10967116684555,3.481337198768413,40711043,3.481337198768413,0.09381212738631602,3,2,True,2950964.0,True,n_reaches
3840984,24,63.967935834500594,7.634675473866072,40397935,7.634675473866072,0.11935159973926142,3,1,True,3840983.0,True,n_reaches
1981106,24,62.42987881567661,6.758691227916075,41194808,6.758691227916075,0.10826052134220894,0,0,True,1991106.0,True,n_reaches
3620896,24,58.38973560188716,5.816536600909319,40467348,5.816536600909319,0.09961573795380105,2,1,True,3620895.0,True,n_reaches
3530890,24,58.29918870642288,5.419090878117353,40500515,5.419090878117353,0.0929531096119752,2,1,True,3530891.0,True,n_reaches
2841154,24,57.82488205821292,6.814642715865402,40760934,6.814642715865402,0.11784966044556786,2,1,True,2841155.0,True,n_reaches
2860856,24,57.78386906103543,10.10306689637344,40751171,10.10306689637344,0.17484234026804024,2,2,True,2870856.0,True,n_reaches
2581126,24,57.116121316983225,8.782588270866793,40925352,8.782588270866793,0.15376723888733895,2,1,True,2581127.0,True,n_reaches
2481108,24,56.2457231758139,7.559761219300999,40981058,7.559761219300999,0.13440597422261885,2,1,True,2471108.0,True,n_reaches
2881208,24,55.82485034188873,5.837629230941923,40738787,5.837629230941923,0.1045704412137331,1,1,True,2881209.0,True,n_reaches
2301106,24,55.33609874881995,7.722257557458131,41078888,7.722257557458131,0.13955189708097754,1,1,True,2311106.0,True,n_reaches
2360998,24,55.29460568549948,7.010293623002196,41047491,7.010293623002196,0.1267807869518922,2,1,True,2350998.0,True,n_reaches
2341138,24,54.07836265637748,6.152974179532091,41055837,6.152974179532091,0.11377885493000348,1,1,True,2331138.0,True,n_reaches
2261030,24,53.71094244888868,8.496956154825908,41098539,8.496956154825908,0.15819786001542627,2,1,True,2261031.0,True,n_reaches
2901006,24,53.51198195636253,6.519289771731085,40727335,6.519289771731085,0.12182859863137524,2,1,True,2891006.0,True,n_reaches
2321132,24,52.70555054137187,5.469623597185904,41067573,5.469623597185904,0.10377699390299425,2,2,True,2321131.0,True,n_reaches
2721124,24,52.116561108889506,9.177472235800295,40840336,9.177472235800295,0.17609512294230972,4,2,True,2711124.0,True,n_reaches
2901192,24,51.95562481511285,10.848261613582316,40731746,10.848261613582316,0.20879859788399224,3,1,True,2901193.0,True,n_reaches
2380976,33,77.05231776435326,9.35459176042964,41035655,9.35459176042964,0.12140571538728401,0,0,True,-1.0,False,total_length_km
2460978,39,75.70874147013772,4.598920735890179,40992123,4.598920735890179,0.06074491064818664,1,1,True,2450978.0,True,total_length_km
2420982,40,74.00227083950227,5.47103218254223,41016922,5.47103218254223,0.07393059862187099,2,1,True,2420981.0,True,total_length_km
2420978,30,70.52251182739977,8.943702251160024,41015234,8.943702251160024,0.12682052892627077,3,2,True,2420977.0,True,total_length_km
3120798,23,65.53236900279563,6.993199371731947,40639964,6.993199371731947,0.10671366651545307,5,3,True,3120799.0,True,total_length_km
3950940,15,64.3013725788572,8.595968123649458,40369100,8.595968123649458,0.13368249819407246,3,1,True,3960940.0,True,total_length_km
3840984,24,63.967935834500594,7.634675473866072,40397935,7.634675473866072,0.11935159973926142,3,1,True,3840983.0,True,total_length_km
2540982,39,63.94895608314701,4.743482778791587,40947265,4.743482778791587,0.07417607838076462,1,1,True,2530982.0,True,total_length_km
2841194,30,63.94800306409401,7.235431140101908,40760694,7.235431140101908,0.11314553689581137,2,1,True,2841195.0,True,total_length_km
2981150,23,63.25382180769063,10.863611661363986,40692240,10.863611661363986,0.17174632853635968,1,1,True,2981151.0,True,total_length_km
3740846,15,63.223921757259006,10.56103164080667,40434142,10.56103164080667,0.167041704267485,4,1,True,3750846.0,True,total_length_km
4400940,16,63.018237119458995,6.7835433263963,40224869,6.7835433263963,0.10764413027830723,4,3,True,4400941.0,True,total_length_km
2540986,21,62.79954824228117,7.468996762046758,40946550,7.468996762046758,0.11893392502174231,1,1,True,2530986.0,True,total_length_km
2300998,27,62.507616193026216,9.46121170004184,41077914,9.46121170004184,0.1513609424941948,2,1,True,2310998.0,True,total_length_km
1981106,24,62.42987881567661,6.758691227916075,41194808,6.758691227916075,0.10826052134220894,0,0,True,1991106.0,True,total_length_km
2501092,29,62.02847993959938,6.784410992681983,40969663,6.784410992681983,0.10937574158335568,1,1,True,2491092.0,True,total_length_km
2461118,31,61.676022844855666,5.722729832048805,40991665,5.722729832048805,0.0927869465001687,2,2,True,2461119.0,True,total_length_km
2760982,44,61.2294294824271,5.469073620154204,40812748,5.469073620154204,0.08932099590645105,0,0,True,-1.0,False,total_length_km
2840970,31,61.20685618509607,3.6505896475227395,40764088,3.6505896475227395,0.05964347583027245,2,2,True,2830970.0,True,total_length_km
2481146,22,61.17728186460605,9.553470994977456,40981787,9.553470994977456,0.15616043576634597,1,1,True,2481147.0,True,total_length_km
3860900,21,60.9891881432919,7.184620757546211,40391808,7.184620757546211,0.11780154772131421,1,1,True,3850900.0,True,total_length_km
3240880,18,60.97600785501919,9.996533911750515,40597294,9.996533911750515,0.16394208580396033,3,1,True,3230880.0,True,total_length_km
2440976,33,60.9219913022229,6.5187906726981,41006397,6.5187906726981,0.10700225868126285,3,1,True,2440975.0,True,total_length_km
3861006,16,60.5641024074444,9.621430137349474,40394381,9.621430137349474,0.15886358015547555,3,3,True,3871006.0,True,total_length_km
2201122,26,60.420626000210646,7.563741485767021,41127666,7.563741485767021,0.12518475869052814,2,1,True,2201121.0,True,total_length_km
2860914,15,60.36782496937839,12.016033524844389,40751411,12.016033524844389,0.1990469845640377,1,1,True,2860915.0,True,total_length_km
2400978,23,60.25819735899377,9.660553340169745,41026396,9.660553340169745,0.16031932191094445,5,1,True,2390978.0,True,total_length_km
3641026,18,59.98817259009123,10.71636822596627,40462257,10.71636822596627,0.17864135150762012,1,1,True,3631026.0,True,total_length_km
2661156,25,59.95652817342358,6.11124997259232,40874872,6.11124997259232,0.10192801616056886,1,1,True,2671155.0,True,total_length_km
4100940,20,59.955657243542255,9.53736084813589,40321622,9.53736084813589,0.15907357681685905,2,1,True,4100939.0,True,total_length_km
2860939,43,59.80997343111854,3.4584373323497912,40747039,3.4584373323497912,0.057823756372886136,0,0,True,-1.0,False,total_length_km
2421136,25,59.58005606250027,4.618857369828611,41013990,4.618857369828611,0.07752354856771816,2,2,True,2411135.0,True,total_length_km
2341134,31,59.5074091649779,7.419008179287277,41058100,7.419008179287277,0.12467368825819444,1,1,True,2331134.0,True,total_length_km
2281144,27,59.396396905432475,5.275227436792374,41087750,5.275227436792374,0.08881392999631421,1,1,True,2291144.0,True,total_length_km
4580860,18,59.33966765084106,9.648628025087527,40159597,9.648628025087527,0.16259996739214583,4,1,True,4580859.0,True,total_length_km
2520986,21,59.2415377782524,6.586341196076726,40959153,6.586341196076726,0.11117775539065389,2,2,True,2510986.0,True,total_length_km
4140926,23,59.0432588930689,7.399212649077058,40311321,7.399212649077058,0.12531850016066193,0,0,True,-1.0,False,total_length_km
3500810,18,58.80882074459169,7.680913141061756,40511982,7.680913141061756,0.1306081816267014,0,0,True,-1.0,False,total_length_km
2421134,27,58.69373277160811,8.111828733383804,41013986,8.111828733383804,0.1382060460347435,2,1,True,2411134.0,True,total_length_km
2921146,22,58.47311779039096,7.608564238714161,40719871,7.608564238714161,0.13012072087533694,1,1,True,2911146.0,True,total_length_km
3620896,24,58.38973560188716,5.816536600909319,40467348,5.816536600909319,0.09961573795380105,2,1,True,3620895.0,True,total_length_km
3530890,24,58.29918870642288,5.419090878117353,40500515,5.419090878117353,0.0929531096119752,2,1,True,3530891.0,True,total_length_km
3760856,10,58.06173986008457,11.596426551173002,40425109,11.596426551173002,0.19972578464093085,6,2,True,3770856.0,True,total_length_km
2561002,25,57.9577814554632,5.685933018880851,40937054,5.685933018880851,0.09810473893397942,1,1,True,2551002.0,True,total_length_km
2681168,22,57.875715323018696,7.449730856315751,40864438,7.449730856315751,0.12871946056713007,2,1,True,2681169.0,True,total_length_km
2221128,30,57.86054125958922,4.30900256945111,41115876,4.30900256945111,0.0744722132846792,3,1,True,2221127.0,True,total_length_km
2841154,24,57.82488205821292,6.814642715865402,40760934,6.814642715865402,0.11784966044556786,2,1,True,2841155.0,True,total_length_km
4480928,26,57.82105084967816,7.699607575638433,40192543,7.699607575638433,0.1331627056667596,2,1,True,4480927.0,True,total_length_km
2860856,24,57.78386906103543,10.10306689637344,40751171,10.10306689637344,0.17484234026804024,2,2,True,2870856.0,True,total_length_km
2181088,29,57.71814160968752,6.804115171834048,41133770,6.804115171834048,0.1178852087415793,3,1,True,2171088.0,True,total_length_km
3320892,17,57.57609127389305,7.554274837267098,40571399,7.554274837267098,0.1312050656813597,3,1,True,3320891.0,True,total_length_km
1921104,23,57.316482158439456,8.444468853655575,41209526,8.444468853655575,0.1473305502300822,3,2,True,1911104.0,True,total_length_km
2241012,27,57.156283104539895,6.607466494937529,41106027,6.607466494937529,0.11560350211808473,2,2,True,2231013.0,True,total_length_km
3850944,17,57.142249036205705,10.297667288941756,40396526,10.297667288941756,0.18021109533888116,5,2,True,3860944.0,True,total_length_km
2581126,24,57.116121316983225,8.782588270866793,40925352,8.782588270866793,0.15376723888733895,2,1,True,2581127.0,True,total_length_km
3880962,29,57.105352860919616,4.549973633708924,40385447,4.549973633708924,0.07967683248171863,1,1,True,3890961.0,True,total_length_km
2941160,29,57.03597884066527,5.242045710067345,40708652,5.242045710067345,0.09190770136007369,2,2,True,2951161.0,True,total_length_km
2381052,18,56.94973709083537,6.602522515474698,41034188,6.602522515474698,0.11593596130116654,2,1,True,2381053.0,True,total_length_km
2460982,32,56.94736163627798,5.121607440106564,40991615,5.121607440106564,0.08993581604040236,5,2,True,2460981.0,True,total_length_km
2461004,21,56.92487474061782,8.390475856105322,40991897,8.390475856105322,0.14739559628962054,1,1,True,2451004.0,True,total_length_km
2881082,20,56.89873215060327,6.671168642428609,40740025,6.671168642428609,0.11724634961585655,2,2,True,2891082.0,True,total_length_km
3631000,13,56.83939772140133,12.068105382034846,40466019,12.068105382034846,0.21231937469124393,3,2,True,3621000.0,True,total_length_km
2601106,28,56.830944469102256,5.267633920055244,40911780,5.267633920055244,0.09268953682300918,2,2,True,2611106.0,True,total_length_km
4440826,20,56.824529373021846,6.439837884011171,40209363,6.439837884011171,0.11332848604406681,2,1,True,4450826.0,True,total_length_km
2480986,31,56.74815916152366,4.568932552073877,40982745,4.568932552073877,0.08051243634298715,1,1,True,2470986.0,True,total_length_km
2921176,27,56.71577675903936,5.005447554964494,40716987,5.005447554964494,0.08825494141128423,2,2,True,2921177.0,True,total_length_km
2441138,25,56.622250551399816,7.679413457894177,41002922,7.679413457894177,0.13562536605504683,4,1,True,2431138.0,True,total_length_km
2421138,28,56.59549445069725,4.9620412546344275,41015713,4.9620412546344275,0.08767555267066486,2,1,True,2421137.0,True,total_length_km
2801166,22,56.59198425670451,9.413154265041458,40788121,9.413154265041458,0.16633370235514003,2,1,True,2801165.0,True,total_length_km
3080812,21,56.58624128456796,7.804819727093319,40651707,7.804819727093319,0.13792786991882827,1,1,True,3080811.0,True,total_length_km
2961156,28,56.58045786872237,5.378119325104663,40700397,5.378119325104663,0.09505259461814435,1,1,True,2961157.0,True,total_length_km
2920942,25,56.562692100919364,9.557880035256611,40717471,9.557880035256611,0.1689785206510929,1,1,True,2920943.0,True,total_length_km
3880964,18,56.5278930109412,7.104611486660552,40386326,7.104611486660552,0.12568328851891625,4,1,True,3880963.0,True,total_length_km
3680822,11,56.51206152159489,10.863246862350394,40450928,10.863246862350394,0.1922288192972616,3,1,True,3690822.0,True,total_length_km
2501102,22,56.495575703281816,5.4980189753543085,40974405,5.4980189753543085,0.09731769093265351,4,2,True,2501101.0,True,total_length_km
4501327,9,56.48110189989318,9.798454136103716,40185228,9.798454136103716,0.17348199320669144,6,1,True,4501328.0,True,total_length_km
2581122,29,56.34466047029862,6.344751391309031,40923237,6.344751391309031,0.1126060808309172,3,1,True,2581123.0,True,total_length_km
2481108,24,56.2457231758139,7.559761219300999,40981058,7.559761219300999,0.13440597422261885,2,1,True,2471108.0,True,total_length_km
3730978,23,56.19396661803932,8.589618938733159,40431875,8.589618938733159,0.1528566046443806,3,1,True,3730977.0,True,total_length_km
2441102,21,56.07883860182603,8.190270574470954,41005590,8.190270574470954,0.14604921889741604,4,2,True,2441103.0,True,total_length_km
3660992,14,56.05213533212777,12.778990114547483,40454904,12.778990114547483,0.22798400165894958,4,3,True,3660991.0,True,total_length_km
2481090,22,56.04446242609661,7.961957761323025,40983754,7.961957761323025,0.1420650215321828,2,1,True,2481091.0,True,total_length_km
2261126,21,56.0436838147788,6.307097229723787,41098937,6.307097229723787,0.11253894819920093,1,1,True,2251126.0,True,total_length_km
2881154,19,56.001411657885505,6.6135715822793,40740061,6.6135715822793,0.11809651554289077,3,1,True,2881155.0,True,total_length_km
3720832,14,55.99235383042319,10.693415577759216,40434550,10.693415577759216,0.19097992576173853,2,1,True,3720831.0,True,total_length_km
3740784,13,55.98816139721367,8.144004102519734,40429759,8.144004102519734,0.1454593953307606,3,2,True,3750784.0,True,total_length_km
2881208,24,55.82485034188873,5.837629230941923,40738787,5.837629230941923,0.1045704412137331,1,1,True,2881209.0,True,total_length_km
3480792,16,55.82215362114309,8.404145137451073,40520557,8.404145137451073,0.1505521480681092,3,2,True,3480793.0,True,total_length_km
3820786,10,55.808930634766725,11.458383847994883,40410129,11.458383847994883,0.20531452077056586,4,2,True,3830786.0,True,total_length_km
2741126,32,55.74709427938645,6.019350719556288,40827519,6.019350719556288,0.10797604426500229,2,2,True,2741127.0,True,total_length_km
4500816,15,55.74633974104077,10.953010508713653,40187241,10.953010508713653,0.19647945604310205,6,1,True,4490816.0,True,total_length_km
2500986,27,55.74471866780442,5.415372242975248,40972835,5.415372242975248,0.09714592471524873,1,1,True,2490986.0,True,total_length_km
3060830,18,55.64904885394077,11.606585447303976,40659596,11.606585447303976,0.20856754403417013,2,1,True,3060831.0,True,total_length_km
3021182,28,55.59389842521044,4.515276296358063,40675528,4.515276296358063,0.08121891833925605,2,2,True,3031182.0,True,total_length_km
2581108,23,55.59326828718703,5.586519138131344,40922741,5.586519138131344,0.10048912953403223,1,1,True,2581109.0,True,total_length_km
3120858,23,55.58960208148042,8.143425653487387,40636994,8.143425653487387,0.14649188604644384,1,1,True,3120857.0,True,total_length_km
3741054,20,55.56392891051784,10.137207761241283,40429151,10.137207761241283,0.1824422419366098,3,1,True,3741055.0,True,total_length_km
2301144,26,55.528060661466476,7.976093465209069,41079133,7.976093465209069,0.14364077135407782,1,1,True,2311143.0,True,total_length_km
3960804,5,55.51922357529022,11.350418575576118,40364718,11.350418575576118,0.2044412339481602,5,3,True,3980804.0,True,total_length_km
2901180,28,55.38413293776686,5.6428407397276645,40730285,5.6428407397276645,0.1018855119762969,3,2,True,2901179.0,True,total_length_km
2301106,24,55.33609874881995,7.722257557458131,41078888,7.722257557458131,0.13955189708097754,1,1,True,2311106.0,True,total_length_km
2360998,24,55.29460568549948,7.010293623002196,41047491,7.010293623002196,0.1267807869518922,2,1,True,2350998.0,True,total_length_km
2460984,31,55.28794458067419,4.213395305791794,40995967,4.213395305791794,0.07620821026623187,2,2,True,2450984.0,True,total_length_km
4000956,19,55.19908752687357,8.545374504080165,40356383,8.545374504080165,0.15481006819034582,2,2,True,4010956.0,True,total_length_km
3630966,15,55.188337927531606,8.196492811679237,40464667,8.196492811679237,0.1485185660499894,3,2,True,3630967.0,True,total_length_km
2181094,25,55.176115154695665,6.092483157829529,41135490,6.092483157829529,0.11041884954655128,2,1,True,2181093.0,True,total_length_km
2321028,18,55.148302124218844,6.980340587243134,41066008,6.980340587243134,0.1265739890145713,1,1,True,2311029.0,True,total_length_km
4360932,19,55.12579459358142,7.377907128979255,40233866,7.377907128979255,0.13383765591722288,5,1,True,4360931.0,True,total_length_km
3750888,18,55.121639445293376,10.558361773653349,40424635,10.558361773653349,0.19154658460643603,4,1,True,3750889.0,True,total_length_km
2381118,22,55.119725284878314,9.542141559966687,41035897,9.542141559966687,0.17311663856540488,1,1,True,2371117.0,True,total_length_km
3900790,15,55.0599194496116,8.944588647199344,40379705,8.944588647199344,0.1624519021569771,1,1,True,3910790.0,True,total_length_km
4300912,16,55.04780583191927,8.432677482135484,40256463,8.432677482135484,0.1531882580003911,4,1,True,4290912.0,True,total_length_km
2860848,28,55.02563069593283,5.291875627586868,40748989,5.291875627586868,0.09617110355044076,2,1,True,2850848.0,True,total_length_km
3101042,12,55.00206095705241,11.076752278513588,40645099,11.076752278513588,0.20138794957452077,4,3,True,3091042.0,True,total_length_km
2361134,32,54.97701694448204,5.801250655541422,41044390,5.801250655541422,0.10552137925925943,3,3,True,2371134.0,True,total_length_km
3350940,17,54.918509238008085,8.28747693638587,40566468,8.28747693638587,0.15090498725064191,1,1,True,3350939.0,True,total_length_km
2440984,26,54.89795677350015,6.77660009625725,41004838,6.77660009625725,0.12343993282329936,6,3,True,2430984.0,True,total_length_km
3061042,18,54.88028559801725,8.624099691918943,40658540,8.624099691918943,0.1571438559027929,2,1,True,3071042.0,True,total_length_km
3121042,14,54.82870383007258,10.685390027420107,40641297,10.685390027420107,0.1948867888713313,2,2,True,3111043.0,True,total_length_km
2841198,25,54.79562604351273,5.068829332868221,40760699,5.068829332868221,0.09250426902401128,2,1,True,2841199.0,True,total_length_km
3920890,11,54.603415280024656,11.726667459452441,40383954,11.726667459452441,0.2147606958157132,4,1,True,3930890.0,True,total_length_km
4040786,16,54.56387843256088,7.788223043179635,40340124,7.788223043179635,0.14273587704740634,2,1,True,4040787.0,True,total_length_km
2400976,33,54.540623767538676,5.199437644378732,41024656,5.199437644378732,0.09533146644122757,3,2,True,2390976.0,True,total_length_km
2801066,17,54.516342940037866,7.668370224761856,40787248,7.668370224761856,0.14066186048459342,1,1,True,2801065.0,True,total_length_km
4040782,20,54.50764064321579,8.438514515628997,40338676,8.438514515628997,0.15481342461443126,2,1,True,4040783.0,True,total_length_km
3160920,17,54.44148601810344,9.025944105255334,40624292,9.025944105255334,0.16579165569165277,1,1,True,3150921.0,True,total_length_km
4430826,12,54.413103721811865,9.785717219631838,40212931,9.785717219631838,0.17984118806494706,6,1,True,4440826.0,True,total_length_km
2541190,15,54.36992508954117,12.490330471941062,40946886,12.490330471941062,0.22972866803422828,1,1,True,2541191.0,True,total_length_km
3720842,17,54.340645705860865,7.049438129209778,40434816,7.049438129209778,0.12972680095425268,4,3,True,3730841.0,True,total_length_km
2181122,30,54.3235277190942,3.4856355340299623,41136050,3.4856355340299623,0.06416438107727666,0,0,True,-1.0,False,total_length_km
1981096,20,54.27710540465995,7.9215765473889475,41194502,7.9215765473889475,0.14594692344645266,4,4,True,1991097.0,True,total_length_km
4501326,6,54.273532641230155,9.64862802508846,40183755,9.64862802508846,0.17777777777742543,6,2,True,4501328.0,True,total_length_km
4050960,14,54.25979640840406,7.940694444620426,40335279,7.940694444620426,0.14634582085144957,2,2,True,4050959.0,True,total_length_km
3900942,16,54.25097855470252,10.854860899370902,40380942,10.854860899370902,0.20008599270565589,3,1,True,3900941.0,True,total_length_km
4500826,20,54.203803365365694,7.049401790982596,40185913,7.049401790982596,0.1300536374443221,2,1,True,4490827.0,True,total_length_km
3380870,26,54.17730234394002,7.324276668917459,40552501,7.324276668917459,0.13519087056826692,0,0,True,-1.0,False,total_length_km
2921148,21,54.155144802880365,8.453247218113752,40720311,8.453247218113752,0.15609315142416805,2,1,True,2921149.0,True,total_length_km
2581070,18,54.09784886996786,7.65620955893008,40924624,7.65620955893008,0.1415252125335502,1,1,True,2571070.0,True,total_length_km
2861138,22,54.08614540881408,8.07766132861651,40748622,8.07766132861651,0.14934806811542803,2,1,True,2861137.0,True,total_length_km
2341138,24,54.07836265637748,6.152974179532091,41055837,6.152974179532091,0.11377885493000348,1,1,True,2331138.0,True,total_length_km
3940922,19,54.04538601601649,8.199967758486498,40369605,8.199967758486498,0.15172373375326464,1,1,True,3950922.0,True,total_length_km
2681154,22,54.018701252861284,8.070912010981072,40866444,8.070912010981072,0.14940959008253774,3,1,True,2691154.0,True,total_length_km
2521100,26,53.94468054299947,7.760782439854841,40960409,7.760782439854841,0.14386557417220588,3,1,True,2511100.0,True,total_length_km
3731060,13,53.90126026676937,11.708483888700828,40433916,11.708483888700828,0.21722096720471706,3,3,True,3741060.0,True,total_length_km
2821168,27,53.856963591967386,4.908539213632286,40777105,4.908539213632286,0.09114028876229445,3,1,True,2831168.0,True,total_length_km
4380944,13,53.80931117920176,11.294830550261914,40228655,11.294830550261914,0.20990476002650568,5,2,True,4380945.0,True,total_length_km
2321094,19,53.80240587719436,9.05231257032107,41067548,9.05231257032107,0.16825107395723624,1,1,True,2311093.0,True,total_length_km
2920952,29,53.7755991476121,5.71605691257045,40718655,5.71605691257045,0.10629462066763921,2,1,True,2920951.0,True,total_length_km
2341158,26,53.771382994998135,4.831018813017146,41057478,4.831018813017146,0.08984367788097494,2,1,True,2341159.0,True,total_length_km
3001090,27,53.75932559321994,4.144861788357454,40683080,4.144861788357454,0.07710033082855858,1,1,True,2991090.0,True,total_length_km
2941188,19,53.747207017962175,7.929337733095194,40709608,7.929337733095194,0.1475302285092736,1,1,True,2951189.0,True,total_length_km
3701118,20,53.71758633105525,6.145506028552326,40439844,6.145506028552326,0.11440398663257663,1,1,True,3691118.0,True,total_length_km
2261030,24,53.71094244888868,8.496956154825908,41098539,8.496956154825908,0.15819786001542627,2,1,True,2261031.0,True,total_length_km
4051126,19,53.680681132639805,7.395305622817071,40333673,7.395305622817071,0.13776475012572925,0,0,True,-1.0,False,total_length_km
2461096,22,53.680471443332735,6.933145190794873,40992172,6.933145190794873,0.12915581783058258,3,1,True,2461097.0,True,total_length_km
2860964,41,53.6775966268388,4.577481940755332,40747795,4.577481940755332,0.08527732663922198,0,0,True,-1.0,False,total_length_km
4031096,20,53.67722205858558,9.501796552891312,40342910,9.501796552891312,0.17701729315501186,2,2,True,4041096.0,True,total_length_km
3850898,18,53.67336190566827,8.103087944978776,40396067,8.103087944978776,0.1509703819041571,4,1,True,3850899.0,True,total_length_km
3860874,10,53.66823707759103,11.474699584178541,40393848,11.474699584178541,0.2138080214483095,6,3,True,3880874.0,True,total_length_km
3960806,8,53.64691685221081,11.350550541545996,40364377,11.350550541545996,0.21157880466486184,6,3,True,3980807.0,True,total_length_km
2721192,19,53.60494740378415,7.452927230432912,40841683,7.452927230432912,0.13903431663299767,1,1,True,2711193.0,True,total_length_km
4360946,15,53.55639012163949,11.171024994875792,40234884,11.171024994875792,0.20858435323037453,5,2,True,4370946.0,True,total_length_km
2221086,23,53.525798363707494,7.346213058754115,41116421,7.346213058754115,0.13724621179560254,1,1,True,2211086.0,True,total_length_km
2901006,24,53.51198195636253,6.519289771731085,40727335,6.519289771731085,0.12182859863137524,2,1,True,2891006.0,True,total_length_km
4420928,12,53.50446696276383,10.986605403226683,40214713,10.986605403226683,0.20533996555601156,4,4,True,4430929.0,True,total_length_km
3930998,20,53.49398745532475,5.917185755983556,40371973,5.917185755983556,0.11061403416459215,2,1,True,3930997.0,True,total_length_km
3930894,12,53.47127416268134,9.519350102037494,40373040,9.519350102037494,0.17802736611579076,6,3,True,3940893.0,True,total_length_km
2521084,20,53.44822083721534,8.285533624298909,40957215,8.285533624298909,0.15501982095033168,3,1,True,2521085.0,True,total_length_km
2481120,23,53.380078655433365,6.505540760156922,40985662,6.505540760156922,0.1218720714547832,5,3,True,2491120.0,True,total_length_km
3430842,22,53.36078995249173,9.038376639041612,40537243,9.038376639041612,0.16938236197568804,0,0,True,-1.0,False,total_length_km
3120834,23,53.326075803505866,5.51093615877391,40636989,5.51093615877391,0.10334411590833015,0,0,True,-1.0,False,total_length_km
2921184,28,53.3168439724756,5.699091215739602,40717814,5.699091215739602,0.10689100837779732,3,1,True,2911184.0,True,total_length_km
2601132,25,53.30807045244621,6.22741736319304,40911793,6.22741736319304,0.11681941046334149,1,1,True,2601131.0,True,total_length_km
3750852,13,53.29889780450238,11.12748922031527,40426715,11.12748922031527,0.208775221977954,5,3,True,3770852.0,True,total_length_km
3560932,12,53.2698833857802,10.381528568155941,40490390,10.381528568155941,0.19488551332040602,5,3,True,3550932.0,True,total_length_km
3500870,22,53.2518698647153,6.796812708975825,40511351,6.796812708975825,0.12763519339777013,0,0,True,-1.0,False,total_length_km
2381128,23,53.24580568079353,9.331998413322426,41035709,9.331998413322426,0.1752626013261473,1,1,True,2381129.0,True,total_length_km
3920922,11,53.24313889256223,11.726715258430866,40376559,11.726715258430866,0.22024838321598322,5,2,True,3930922.0,True,total_length_km
2261076,22,53.178512948906246,5.267990094010557,41096465,5.267990094010557,0.09906238068507155,2,1,True,2261077.0,True,total_length_km
3901004,22,53.1476905745286,8.213845511241699,40378663,8.213845511241699,0.1545475527242992,1,1,True,3901003.0,True,total_length_km
2921150,25,53.13773376812533,8.02718279370899,40720313,8.02718279370899,0.15106370227862626,2,1,True,2921151.0,True,total_length_km
4300930,10,53.090168810492386,10.887940651059413,40255326,10.887940651059413,0.20508393352306675,4,2,True,4300929.0,True,total_length_km
4220954,9,53.0749122554248,12.061918850989736,40285051,12.061918850989736,0.22726215340576253,5,3,True,4230953.0,True,total_length_km
3440838,17,53.004468136614875,11.090788658802161,40533007,11.090788658802161,0.209242523294763,1,1,True,3440837.0,True,total_length_km
2321048,25,52.96805440604827,6.418958648760781,41065785,6.418958648760781,0.12118547152126129,2,1,True,2321049.0,True,total_length_km
2521030,16,52.95966696969657,8.163245890751718,40957452,8.163245890751718,0.1541408086161628,3,1,True,2521031.0,True,total_length_km
2881200,27,52.934664304725615,6.5003230856526635,40740089,6.5003230856526635,0.12279898571251283,1,1,True,2881199.0,True,total_length_km
2301098,22,52.90369255870681,6.918169818303796,41078885,6.918169818303796,0.13076912940673768,3,1,True,2311098.0,True,total_length_km
2401130,26,52.89217011543758,7.480665842421103,41025401,7.480665842421103,0.1414323864211752,2,1,True,2401131.0,True,total_length_km
2381132,34,52.88172220042008,3.7324992162281787,41034016,3.7324992162281787,0.07058202836288355,2,1,True,2371132.0,True,total_length_km
1881104,18,52.82203923219391,8.534328831284117,41219926,8.534328831284117,0.16156757587053977,2,1,True,1881105.0,True,total_length_km
3660810,7,52.78803513089072,12.674298776151183,40458607,12.674298776151183,0.24009794539093168,4,2,True,3670810.0,True,total_length_km
3950898,10,52.7816113100457,9.911504537412103,40367617,9.911504537412103,0.18778328837273842,4,2,True,3960898.0,True,total_length_km
2961182,27,52.78004043633248,8.152439211468307,40701143,8.152439211468307,0.15446064732183057,1,1,True,2971182.0,True,total_length_km
3921014,18,52.71625542262311,6.755756965485403,40373293,6.755756965485403,0.1281532026758141,2,1,True,3921015.0,True,total_length_km
2321132,24,52.70555054137187,5.469623597185904,41067573,5.469623597185904,0.10377699390299425,2,2,True,2321131.0,True,total_length_km
2401148,22,52.695742413923014,6.1939303374363135,41028475,6.1939303374363135,0.11754138102435735,2,1,True,2401147.0,True,total_length_km
3201108,16,52.64032802034845,7.855667883412278,40610211,7.855667883412278,0.14923288244662192,2,1,True,3201109.0,True,total_length_km
1961096,25,52.633201923459865,4.794474361322933,41199442,4.794474361322933,0.09109220389622395,6,3,True,1971096.0,True,total_length_km
3520860,18,52.630710733262106,5.776520552226422,40506311,5.776520552226422,0.10975570102981178,2,1,True,3520861.0,True,total_length_km
2500980,24,33.001509919862634,5.27660493097304,40969618,5.27660493097304,0.1598898033388832,10,6,True,2500981.0,True,n_exit_downstream_cells
2181078,18,31.218604242025105,5.438414871946117,41134578,5.438414871946117,0.17420429272828167,8,6,True,2191077.0,True,n_exit_downstream_cells
2201088,12,32.80560536064103,5.43682919013023,41127839,5.43682919013023,0.1657286652802676,8,6,True,2191089.0,True,n_exit_downstream_cells
2301152,14,27.48884999483529,6.047605261402462,41078680,6.047605261402462,0.22000211949713097,8,6,True,2291153.0,True,n_exit_downstream_cells
2661108,10,21.15516093048469,7.088223720421446,40876705,7.088223720421446,0.335058841845409,8,6,True,2661109.0,True,n_exit_downstream_cells
3630958,7,23.420408821446358,10.878561156762727,40467357,10.878561156762727,0.4644906602484707,7,6,True,3650958.0,True,n_exit_downstream_cells
2721126,12,23.550520826624073,6.688459662888892,40837901,6.688459662888892,0.2840047450384846,10,5,True,2721125.0,True,n_exit_downstream_cells
2281140,17,29.70460000625695,5.700627472768198,41087245,5.700627472768198,0.19191059538143665,9,5,True,2281141.0,True,n_exit_downstream_cells
2460980,15,32.9454238726718,5.063809701201037,40991379,5.063809701201037,0.15370297619395518,9,5,True,2470980.0,True,n_exit_downstream_cells
2721166,14,28.885611303999603,5.508686612358033,40838211,5.508686612358033,0.19070694244214526,9,5,True,2731166.0,True,n_exit_downstream_cells
2821156,13,29.710887289581898,4.9707587672405795,40778416,4.9707587672405795,0.16730428542211773,9,5,True,2811156.0,True,n_exit_downstream_cells
2861168,13,23.756001770006073,4.907541736364572,40749670,4.907541736364572,0.20658113195465205,9,5,True,2861167.0,True,n_exit_downstream_cells
2900848,11,22.451954913907905,5.875967350063448,40730961,5.875967350063448,0.2617129498342066,9,5,True,2890847.0,True,n_exit_downstream_cells
2941170,15,31.208826541948287,4.655046009233623,40708444,4.655046009233623,0.14915799551055534,9,5,True,2941171.0,True,n_exit_downstream_cells
2281026,21,28.66999443082484,4.950913412130081,41089234,4.950913412130081,0.17268623557202561,8,5,True,2271026.0,True,n_exit_downstream_cells
2480978,14,25.440189807430624,8.83212426957475,40981246,8.83212426957475,0.34717210588558756,8,5,True,2490978.0,True,n_exit_downstream_cells
2520982,32,46.102070652919906,4.307386116092038,40956915,4.307386116092038,0.09343151088636031,8,5,True,2530982.0,True,n_exit_downstream_cells
2641110,12,27.460485175212032,8.728819954977306,40891811,8.728819954977306,0.31786838066709094,8,5,True,2631111.0,True,n_exit_downstream_cells
2721132,10,25.37482064413827,7.728482705904622,40844923,7.728482705904622,0.30457289981633606,8,5,True,2711133.0,True,n_exit_downstream_cells
2741164,10,21.413700177112247,6.429854390705457,40828043,6.429854390705457,0.300268255253612,8,5,True,2741165.0,True,n_exit_downstream_cells
2781188,10,23.779651155327272,3.994226846383959,40805378,3.994226846383959,0.1679682691850232,8,5,True,2771189.0,True,n_exit_downstream_cells
3960966,8,27.130003099204874,9.05111771653189,40367358,9.05111771653189,0.3336202242010492,8,5,True,3980966.0,True,n_exit_downstream_cells
2181102,13,23.822374781366683,5.563808437080422,41134773,5.563808437080422,0.23355389578675867,7,5,True,2181103.0,True,n_exit_downstream_cells
2341002,7,15.3670774518206,10.95398716538071,41059579,10.95398716538071,0.7128217580554295,7,5,True,2331002.0,True,n_exit_downstream_cells
2421142,15,30.496556475350168,5.294584342645613,41014898,5.294584342645613,0.17361253054669082,7,5,True,2431141.0,True,n_exit_downstream_cells
2441134,11,27.90038851498746,9.887279819130722,41004914,9.887279819130722,0.3543778544094287,7,5,True,2441135.0,True,n_exit_downstream_cells
2541088,9,24.387367489249915,7.169441129890462,40945112,7.169441129890462,0.293981756458576,7,5,True,2551089.0,True,n_exit_downstream_cells
2601054,7,38.592384284724176,11.211015336589352,40912255,11.211015336589352,0.29049812662201724,7,5,True,2601055.0,True,n_exit_downstream_cells
2681184,11,23.017730334094797,4.189153482943264,40861955,4.189153482943264,0.1819968095089775,7,5,True,2691183.0,True,n_exit_downstream_cells
2741060,9,17.96289378677599,5.76382637151669,40825020,5.76382637151669,0.32087404401176894,7,5,True,2751060.0,True,n_exit_downstream_cells
2741114,9,21.32159681158565,8.13408798836895,40829614,8.13408798836895,0.38149525386152505,7,5,True,2731114.0,True,n_exit_downstream_cells
2741154,13,25.945782912147866,3.7730431476717623,40828314,3.7730431476717623,0.1454202850785904,7,5,True,2731154.0,True,n_exit_downstream_cells
2760984,17,33.79239321533652,4.7540988467083425,40814680,4.7540988467083425,0.1406854736926628,7,5,True,2760983.0,True,n_exit_downstream_cells
2841110,12,23.90399459657232,7.354328156129663,40760915,7.354328156129663,0.30766105331969185,7,5,True,2851110.0,True,n_exit_downstream_cells
2841192,14,23.915551933767503,2.6408937177992557,40759718,2.6408937177992557,0.1104257900931173,7,5,True,2851193.0,True,n_exit_downstream_cells
2921180,13,28.856484161784675,5.167832633364828,40719109,5.167832633364828,0.17908739693966985,7,5,True,2911180.0,True,n_exit_downstream_cells
2921192,13,27.874219796575723,11.14251550401386,40720576,11.14251550401386,0.39974268644400546,7,5,True,2911193.0,True,n_exit_downstream_cells
2940854,9,18.754398623650346,5.9235147867425,40711829,5.9235147867425,0.3158466931204404,7,5,True,2930854.0,True,n_exit_downstream_cells
2941028,9,16.07522668812213,3.8528765072848006,40709320,3.8528765072848006,0.23967789581043134,7,5,True,2941029.0,True,n_exit_downstream_cells
2961052,7,19.392677537609902,5.4440047314521625,40702780,5.4440047314521625,0.2807247591723284,7,5,True,2951051.0,True,n_exit_downstream_cells
3001180,13,25.202733494145406,5.450621118251916,40685293,5.450621118251916,0.2162710294705967,7,5,True,2991180.0,True,n_exit_downstream_cells
3161076,15,22.74054530404081,3.8259729151862847,40622084,3.8259729151862847,0.16824455456248186,7,5,True,3161075.0,True,n_exit_downstream_cells
3161114,7,15.157331129158397,3.7277025136987074,40624205,3.7277025136987074,0.24593396303968496,7,5,True,3151115.0,True,n_exit_downstream_cells
3730818,9,50.47131786635813,13.513949160119308,40435658,13.513949160119308,0.267755028626409,7,5,True,3740817.0,True,n_exit_downstream_cells
3900894,11,33.586287856896895,6.3710882485936144,40379964,6.3710882485936144,0.18969313535747956,7,5,True,3910894.0,True,n_exit_downstream_cells
4141064,11,41.168541010721505,8.597714057556518,40308070,8.597714057556518,0.20884184492516794,7,5,True,4141063.0,True,n_exit_downstream_cells
2261128,18,37.896218746447154,4.602404792603171,41095224,4.602404792603171,0.12144759938706695,6,5,True,2271128.0,True,n_exit_downstream_cells
2281090,13,22.49727762667294,5.359961438342718,41087455,5.359961438342718,0.2382493351990246,6,5,True,2281091.0,True,n_exit_downstream_cells
2441146,10,22.388307536081193,6.073120449453141,41002471,6.073120449453141,0.27126304387527495,6,5,True,2441145.0,True,n_exit_downstream_cells
2481088,14,30.533595755323347,5.864149890823881,40981526,5.864149890823881,0.1920556601919871,6,5,True,2491088.0,True,n_exit_downstream_cells
2501094,10,28.865514492206277,8.20564444043132,40971078,8.20564444043132,0.2842715463341855,6,5,True,2501095.0,True,n_exit_downstream_cells
2541126,16,27.642203094223678,6.331338331114086,40948275,6.331338331114086,0.22904608252578573,6,5,True,2541127.0,True,n_exit_downstream_cells
2581106,12,22.175357358843613,4.734290730327469,40922996,4.734290730327469,0.213493322958307,6,5,True,2581105.0,True,n_exit_downstream_cells
2661102,20,31.957076409099933,4.414413112846647,40875536,4.414413112846647,0.13813569978477824,6,5,True,2661103.0,True,n_exit_downstream_cells
2741158,12,30.416862410101068,6.738155308401858,40834297,6.738155308401858,0.22152696808610342,6,5,True,2731157.0,True,n_exit_downstream_cells
2780984,24,38.5929706918632,4.827678103794349,40799603,4.827678103794349,0.12509216101397963,6,5,True,2780983.0,True,n_exit_downstream_cells
2801120,12,19.60636202520608,4.585089370548134,40785619,4.585089370548134,0.23385722270421766,6,5,True,2811120.0,True,n_exit_downstream_cells
2801122,16,28.505850659335582,4.767478901178036,40789380,4.767478901178036,0.16724562820989525,6,5,True,2791122.0,True,n_exit_downstream_cells
2840972,16,33.779242957151475,4.921873944731432,40759402,4.921873944731432,0.1457070530258705,6,5,True,2850972.0,True,n_exit_downstream_cells
2861100,8,21.929364990502457,6.419662937086366,40754417,6.419662937086366,0.29274276477530026,6,5,True,2851101.0,True,n_exit_downstream_cells
2861144,10,20.36819440505714,5.975449437172896,40750835,5.975449437172896,0.29337158308393185,6,5,True,2861145.0,True,n_exit_downstream_cells
2901084,8,18.019289343101246,4.189660494030588,40728183,4.189660494030588,0.23250975186957723,6,5,True,2901085.0,True,n_exit_downstream_cells
2901128,10,19.566241274447847,7.507068654070183,40729876,7.507068654070183,0.3836745417155769,6,5,True,2891128.0,True,n_exit_downstream_cells
2941052,6,13.818404994570084,8.011049293545208,40709164,8.011049293545208,0.5797376250510196,6,5,True,2941051.0,True,n_exit_downstream_cells
2961086,9,19.136272114269673,4.567254378738373,40700923,4.567254378738373,0.23867001636816348,6,5,True,2961087.0,True,n_exit_downstream_cells
2961108,6,21.971444295842254,8.314747522437658,40700001,8.314747522437658,0.37843427179755734,6,5,True,2961109.0,True,n_exit_downstream_cells
2980946,14,21.61215167700393,4.250856968047437,40692003,4.250856968047437,0.19668828127698615,6,5,True,2980947.0,True,n_exit_downstream_cells
3101038,8,21.529299613605442,7.145187383311753,40643259,7.145187383311753,0.3318820171370717,6,5,True,3101040.0,True,n_exit_downstream_cells
3261050,6,12.798129143074144,3.604886365831968,40589626,3.604886365831968,0.2816729168405676,6,5,True,3271051.0,True,n_exit_downstream_cells
3501016,6,16.520656093693333,9.172740013496828,40511553,9.172740013496828,0.5552285551781729,6,5,True,3501017.0,True,n_exit_downstream_cells
3721110,8,31.257250172997473,8.407160431121591,40435470,8.407160431121591,0.26896673202508303,6,5,True,3721109.0,True,n_exit_downstream_cells
3730842,6,35.37317193596429,9.978111288517074,40430965,9.978111288517074,0.2820813272437188,6,5,True,3750840.0,True,n_exit_downstream_cells
3840822,6,25.22260441693747,13.438833888779603,40401436,13.438833888779603,0.5328091289317912,6,5,True,3880823.0,True,n_exit_downstream_cells
4030998,8,25.959623251434703,6.5024954732473335,40340277,6.5024954732473335,0.2504849708436336,6,5,True,4040999.0,True,n_exit_downstream_cells
4230956,12,35.20476648786167,12.350907764231897,40282368,12.350907764231897,0.35083055496165255,6,5,True,4240955.0,True,n_exit_downstream_cells
4320922,8,46.064297188051235,11.137953762878844,40250923,11.137953762878844,0.24179146199516866,6,5,True,4310922.0,True,n_exit_downstream_cells
4420856,8,19.455004381093104,8.724757203371757,40212795,8.724757203371757,0.4484582492230488,6,5,True,4440858.0,True,n_exit_downstream_cells
2041102,9,35.753768398779094,9.793261710489952,41179421,9.793261710489952,0.27390851787316406,5,5,True,2031102.0,True,n_exit_downstream_cells
2241008,11,19.937025376183566,6.018301393882838,41107021,6.018301393882838,0.30186556320845126,5,5,True,2241009.0,True,n_exit_downstream_cells
2241072,14,23.825733936642905,4.3249675155052865,41107807,4.3249675155052865,0.18152504879833656,5,5,True,2241071.0,True,n_exit_downstream_cells
2281110,11,26.498041315318424,4.644035040001273,41086128,4.644035040001273,0.1752595591779296,5,5,True,2291109.0,True,n_exit_downstream_cells
2460994,5,15.19176225354688,4.239825062248349,40995714,4.239825062248349,0.27908711257368846,5,5,True,2450993.0,True,n_exit_downstream_cells
2561008,5,15.47132450195809,9.986719222424922,40935173,9.986719222424922,0.6454986592234542,5,5,True,2571007.0,True,n_exit_downstream_cells
2581118,7,18.711634182247046,5.393281603226414,40926782,5.393281603226414,0.2882314580702616,5,5,True,2571117.0,True,n_exit_downstream_cells
2661020,7,12.842428077412036,3.2792013599537304,40877702,3.2792013599537304,0.2553412283243672,5,5,True,2651020.0,True,n_exit_downstream_cells
2701010,9,13.713103607736677,5.649300482946132,40855710,5.649300482946132,0.41196366953421854,5,5,True,2691011.0,True,n_exit_downstream_cells
2761034,7,17.853944298967214,4.381832661912601,40815201,4.381832661912601,0.2454265896957052,5,5,True,2761033.0,True,n_exit_downstream_cells
2761186,15,35.07715059749249,5.60191486562846,40816878,5.60191486562846,0.1597026773899051,5,5,True,2751186.0,True,n_exit_downstream_cells
2881160,13,27.28703728393121,9.80578000125963,40737192,9.80578000125963,0.3593567120983874,5,5,True,2891161.0,True,n_exit_downstream_cells
2921196,9,17.655599267798067,5.167229498756859,40717600,5.167229498756859,0.29266803241175365,5,5,True,2931196.0,True,n_exit_downstream_cells
2980866,5,7.461558359814184,3.763452422956355,40693958,3.763452422956355,0.5043788765662186,5,5,True,2970867.0,True,n_exit_downstream_cells
3001162,15,31.371861105227225,5.21136877753416,40683697,5.21136877753416,0.1661160222549192,5,5,True,3001163.0,True,n_exit_downstream_cells
3041080,14,24.24854823675761,4.37465571078176,40665168,4.37465571078176,0.18040897409892595,5,5,True,3041081.0,True,n_exit_downstream_cells
3121128,5,9.313224460075757,4.142665317469785,40636780,4.142665317469785,0.44481536284545714,5,5,True,3121127.0,True,n_exit_downstream_cells
3141034,9,16.411205849378355,6.663945536299141,40632580,6.663945536299141,0.4060606878897669,5,5,True,3131035.0,True,n_exit_downstream_cells
3221036,5,8.442256066776672,2.561693167161519,40602181,2.561693167161519,0.3034370370785965,5,5,True,3231036.0,True,n_exit_downstream_cells
3231026,5,14.433652632696738,7.995563409175132,40600193,7.995563409175132,0.5539528775316845,5,5,True,3241027.0,True,n_exit_downstream_cells
3431100,5,17.118437993485117,8.974881110888091,40537964,8.974881110888091,0.5242815445137999,5,5,True,3421101.0,True,n_exit_downstream_cells
3620824,5,6.570327763677392,2.820664604566982,40466964,2.820664604566982,0.429303484699866,5,5,True,3630824.0,True,n_exit_downstream_cells
3640954,5,27.355578293844033,10.370362433638586,40462241,10.370362433638586,0.3790949810032816,5,5,True,3660955.0,True,n_exit_downstream_cells
3751128,5,17.51295313596548,9.716176753562399,40424902,9.716176753562399,0.5547994491921966,5,5,True,3751126.0,True,n_exit_downstream_cells
3761036,10,14.360327385260424,5.717050722065431,40422949,5.717050722065431,0.3981142329619495,5,5,True,3781035.0,True,n_exit_downstream_cells
3920836,5,18.1953500400731,12.197779203311203,40375633,12.197779203311203,0.6703789251895149,5,5,True,3980839.0,True,n_exit_downstream_cells
3940828,5,28.906019398217907,12.063433722874993,40369329,12.063433722874993,0.417332928366426,5,5,True,3960829.0,True,n_exit_downstream_cells
3960860,5,34.443548800088756,12.080048727281637,40368231,12.080048727281637,0.3507202117120553,5,5,True,3980860.0,True,n_exit_downstream_cells
4000852,9,27.815711445742124,8.395460995912712,40351458,8.395460995912712,0.30182442078783656,5,5,True,4000851.0,True,n_exit_downstream_cells
4020964,5,35.55290896818576,12.159791544910462,40346147,12.159791544910462,0.3420195955214679,5,5,True,4030962.0,True,n_exit_downstream_cells
4080844,5,17.404393454962634,8.499243276763693,40328794,8.499243276763693,0.48833895296364066,5,5,True,4070846.0,True,n_exit_downstream_cells
4121090,7,23.231787661963665,7.868631737239223,40314879,7.868631737239223,0.33870108713683583,5,5,True,4111088.0,True,n_exit_downstream_cells
4130956,5,5.807336662115142,3.7841742900453195,40309271,3.7841742900453195,0.651619582300409,5,5,True,4130955.0,True,n_exit_downstream_cells
4201012,7,24.53191074705289,7.96728443011884,40290370,7.96728443011884,0.32477227364264644,5,5,True,4201013.0,True,n_exit_downstream_cells
4220940,5,22.96737794964091,7.476325278936255,40281771,7.476325278936255,0.3255193211575615,5,5,True,4230941.0,True,n_exit_downstream_cells
4400870,7,30.434636492709235,9.830102050249156,40221228,9.830102050249156,0.32299061802837714,5,5,True,4420871.0,True,n_exit_downstream_cells
4451170,5,13.639960375416234,4.336073497562378,40202134,4.336073497562378,0.31789487492774765,5,5,True,4461170.0,True,n_exit_downstream_cells
4520868,5,12.976799268321445,5.303643648165656,40179999,5.303643648165656,0.4087019871774348,5,5,True,4520867.0,True,n_exit_downstream_cells
2920962,18,35.024101978815835,6.609425438735972,40717276,6.609425438735972,0.18871077530363667,10,4,True,2920963.0,True,n_exit_downstream_cells
2960960,17,25.451587990714938,5.183727628653348,40700677,5.183727628653348,0.20367010618529727,10,4,True,2960959.0,True,n_exit_downstream_cells
2161092,15,29.279492869870094,6.042711148278591,41141474,6.042711148278591,0.20638032137833953,9,4,True,2171092.0,True,n_exit_downstream_cells
2301044,19,32.566088640579196,4.812395785741044,41075823,4.812395785741044,0.14777322013870975,9,4,True,2311044.0,True,n_exit_downstream_cells
2641188,14,19.257188451132652,3.708123209527063,40892364,3.708123209527063,0.19255787099642585,9,4,True,2631188.0,True,n_exit_downstream_cells
2801152,11,26.590553786789354,8.151690881138059,40790797,8.151690881138059,0.3065634114468109,9,4,True,2791152.0,True,n_exit_downstream_cells
2881186,15,27.696650799830604,3.657870855323675,40738528,3.657870855323675,0.1320690679086024,9,4,True,2881187.0,True,n_exit_downstream_cells
3001070,11,17.946415793554962,5.732962955081684,40681430,5.732962955081684,0.31944890952211996,9,4,True,3001069.0,True,n_exit_downstream_cells
1881102,17,29.310466353783063,6.113175948209897,41219588,6.113175948209897,0.2085663146543855,8,4,True,1881103.0,True,n_exit_downstream_cells
2121102,12,33.03993050090065,7.876462928842308,41157463,7.876462928842308,0.23839223658862113,8,4,True,2111102.0,True,n_exit_downstream_cells
2221124,26,36.17249965177861,3.951653118205802,41117453,3.951653118205802,0.10924467914153393,8,4,True,2221125.0,True,n_exit_downstream_cells
2241134,15,27.228592242558236,3.754095190150567,41106892,3.754095190150567,0.13787327514798667,8,4,True,2251134.0,True,n_exit_downstream_cells
2301028,12,16.13350292758276,5.590105169339821,41076061,5.590105169339821,0.3464904797446472,8,4,True,2311028.0,True,n_exit_downstream_cells
2321154,18,21.691934736989165,3.8799035795557066,41066291,3.8799035795557066,0.1788638785151645,8,4,True,2321155.0,True,n_exit_downstream_cells
2341116,15,25.25903879979928,6.787320948223909,41059414,6.787320948223909,0.26870859980142414,8,4,True,2331116.0,True,n_exit_downstream_cells
2421126,16,29.141464675077064,6.365760326497946,41014883,6.365760326497946,0.2184433897703912,8,4,True,2421125.0,True,n_exit_downstream_cells
2501104,19,34.24888949473494,5.495982363431046,40968645,5.495982363431046,0.16047184140892917,8,4,True,2491104.0,True,n_exit_downstream_cells
2561050,12,20.411122097170086,7.021165346856023,40934450,7.021165346856023,0.3439872297775083,8,4,True,2571051.0,True,n_exit_downstream_cells
2561148,10,27.133137988405064,5.123333602280169,40933036,5.123333602280169,0.1888220081462582,8,4,True,2571148.0,True,n_exit_downstream_cells
2581162,12,25.451639309089853,6.310461713629071,40922769,6.310461713629071,0.24793930312281845,8,4,True,2581161.0,True,n_exit_downstream_cells
2641166,12,22.958850786458086,9.283709626625356,40890855,9.283709626625356,0.40436299329499564,8,4,True,2631166.0,True,n_exit_downstream_cells
2741100,8,14.713509385805644,4.4550230491022695,40826140,4.4550230491022695,0.30278453170391156,8,4,True,2741101.0,True,n_exit_downstream_cells
2741110,14,27.548934411203838,3.618235509414226,40823839,3.618235509414226,0.13133849227731764,8,4,True,2741111.0,True,n_exit_downstream_cells
2741140,15,21.535562372148746,3.209961336504046,40824148,3.209961336504046,0.14905398247948176,8,4,True,2751140.0,True,n_exit_downstream_cells
2821106,10,22.197632789566946,4.9150711007813515,40773032,4.9150711007813515,0.22142320973484486,8,4,True,2821105.0,True,n_exit_downstream_cells
2841082,8,20.342475774785267,5.901676677664606,40764391,5.901676677664606,0.29011594965150717,8,4,True,2831082.0,True,n_exit_downstream_cells
2841134,16,41.707075678922784,5.070890183689771,40762009,5.070890183689771,0.1215834507968731,8,4,True,2831134.0,True,n_exit_downstream_cells
2841200,17,26.68857938892791,3.6767417705141296,40763362,3.6767417705141296,0.13776461148169886,8,4,True,2831199.0,True,n_exit_downstream_cells
2881178,15,26.487904521618614,8.600461392175456,40739007,8.600461392175456,0.32469391397707675,8,4,True,2891178.0,True,n_exit_downstream_cells
2920954,24,33.99043776802757,4.658675482565219,40717266,4.658675482565219,0.13705841373267952,8,4,True,2920953.0,True,n_exit_downstream_cells
3001158,18,45.43574342464323,8.275471864396422,40684560,8.275471864396422,0.1821357204845032,8,4,True,2991158.0,True,n_exit_downstream_cells
3001174,18,28.319977089190296,3.3013267628751737,40681992,3.3013267628751737,0.11657236700715011,8,4,True,3011174.0,True,n_exit_downstream_cells
3021030,12,20.13635033128991,6.1430376489608225,40673766,6.1430376489608225,0.30507204870264626,8,4,True,3021029.0,True,n_exit_downstream_cells
3021148,11,26.367043994458488,9.259287427510825,40674855,9.259287427510825,0.3511689603679818,8,4,True,3031148.0,True,n_exit_downstream_cells
3021186,14,31.685911633241982,5.986258004144243,40676190,5.986258004144243,0.18892491001786435,8,4,True,3021187.0,True,n_exit_downstream_cells
3101082,9,23.806869750383655,4.1244876875454235,40642830,4.1244876875454235,0.17324779489243672,8,4,True,3111082.0,True,n_exit_downstream_cells
3720818,10,40.259362583458426,10.1738699722633,40434273,10.1738699722633,0.2527081731900915,8,4,True,3740816.0,True,n_exit_downstream_cells
1841094,9,23.790821517559714,7.013498005563095,41232125,7.013498005563095,0.2947984793373578,7,4,True,1841093.0,True,n_exit_downstream_cells
1941096,11,25.88068015861164,6.479153016740789,41205631,6.479153016740789,0.2503470920019423,7,4,True,1931096.0,True,n_exit_downstream_cells
1941100,15,28.790337313013698,5.803050424390696,41204140,5.803050424390696,0.20156243260712417,7,4,True,1951101.0,True,n_exit_downstream_cells
2081098,17,29.89614881821395,4.916242945692778,41170052,4.916242945692778,0.16444402172287834,7,4,True,2081097.0,True,n_exit_downstream_cells
2161104,13,21.40081595610253,6.916518983535846,41144205,6.916518983535846,0.3231894988360746,7,4,True,2151104.0,True,n_exit_downstream_cells
2161116,16,30.548355119969305,4.244229985975674,41141325,4.244229985975674,0.13893481234284993,7,4,True,2171116.0,True,n_exit_downstream_cells
2181090,17,26.761086332078417,4.071986940026244,41134585,4.071986940026244,0.15216074898817422,7,4,True,2181091.0,True,n_exit_downstream_cells
2221084,23,33.90419873829672,4.3940083245668164,41118443,4.3940083245668164,0.12960071283452967,7,4,True,2221085.0,True,n_exit_downstream_cells
2221110,17,35.534541519729665,6.184091285903567,41118242,6.184091285903567,0.17403042283435696,7,4,True,2211110.0,True,n_exit_downstream_cells
2281130,11,34.792481759686005,7.189722528649859,41086981,7.189722528649859,0.20664586614745542,7,4,True,2281131.0,True,n_exit_downstream_cells
2301040,9,21.88718506288418,6.170099068229416,41079502,6.170099068229416,0.28190464194011583,7,4,True,2291040.0,True,n_exit_downstream_cells
2301122,13,21.693808955295843,4.668589113438146,41075867,4.668589113438146,0.21520375343300238,7,4,True,2311122.0,True,n_exit_downstream_cells
2321078,7,18.92375511498915,5.402687104696239,41066479,5.402687104696239,0.2854976230598584,7,4,True,2321079.0,True,n_exit_downstream_cells
2321092,23,33.829094396763026,7.186743033803578,41066039,7.186743033803578,0.2124426669397112,7,4,True,2321091.0,True,n_exit_downstream_cells
2321124,11,22.18178506001241,3.714597340196153,41069030,3.714597340196153,0.16746160555367293,7,4,True,2311124.0,True,n_exit_downstream_cells
2321162,13,33.770418692204515,12.677311344960795,41068854,12.677311344960795,0.375396925353703,7,4,True,2321163.0,True,n_exit_downstream_cells
2341008,13,22.613096692495773,5.320212402856381,41058275,5.320212402856381,0.23527128881122725,7,4,True,2331008.0,True,n_exit_downstream_cells
2341122,9,19.08986839003003,6.4110605843731845,41055833,6.4110605843731845,0.3358357665640826,7,4,True,2341121.0,True,n_exit_downstream_cells
2341142,15,23.555171528309085,4.079931823805671,41056998,4.079931823805671,0.17320747670643474,7,4,True,2341143.0,True,n_exit_downstream_cells
2361126,15,27.677057087357543,5.516009592341659,41044186,5.516009592341659,0.19929899248071745,7,4,True,2371126.0,True,n_exit_downstream_cells
2381074,9,21.54693200171699,4.389635301247746,41033992,4.389635301247746,0.20372437713628805,7,4,True,2391074.0,True,n_exit_downstream_cells
2381082,16,32.465431223081126,5.9435840146583,41034201,5.9435840146583,0.18307423591012525,7,4,True,2391082.0,True,n_exit_downstream_cells
2400988,13,28.05262806628995,4.443306871727923,41023861,4.443306871727923,0.15839182201496904,7,4,True,2410988.0,True,n_exit_downstream_cells
2441132,11,29.51684427956374,7.612771459079454,41006456,7.612771459079454,0.2579127831883514,7,4,True,2431132.0,True,n_exit_downstream_cells
2461104,13,34.55050628053397,9.370306732545131,40995750,9.370306732545131,0.27120606153966653,7,4,True,2451104.0,True,n_exit_downstream_cells
2481102,17,38.639845831181475,4.153166872650278,40981055,4.153166872650278,0.1074840435646554,7,4,True,2481103.0,True,n_exit_downstream_cells
2481138,17,36.456562662745036,6.0593378617939395,40982030,6.0593378617939395,0.166207053524165,7,4,True,2481137.0,True,n_exit_downstream_cells
2501034,7,15.50128392568135,3.743590494070496,40975923,3.743590494070496,0.2415019628063453,7,4,True,2491034.0,True,n_exit_downstream_cells
2501090,20,36.373699839274344,5.21748398847203,40970584,5.21748398847203,0.14344111298896448,7,4,True,2491089.0,True,n_exit_downstream_cells
2501098,15,24.99820190467596,3.983155322554598,40968166,3.983155322554598,0.15933767307517993,7,4,True,2511098.0,True,n_exit_downstream_cells
2501106,15,30.406227941647305,5.075616513129339,40969153,5.075616513129339,0.1669268717865949,7,4,True,2491107.0,True,n_exit_downstream_cells
2501148,11,23.469377009633803,6.680105634735011,40969692,6.680105634735011,0.2846307182330803,7,4,True,2511148.0,True,n_exit_downstream_cells
2521102,20,33.33970819610398,4.278011655840057,40956961,4.278011655840057,0.12831580980483742,7,4,True,2521103.0,True,n_exit_downstream_cells
2561048,9,20.906525716319546,6.0478591711955225,40934449,6.0478591711955225,0.2892809285128896,7,4,True,2561049.0,True,n_exit_downstream_cells
2561058,9,26.76714838830005,6.015359678773762,40937074,6.015359678773762,0.22472919384281823,7,4,True,2551058.0,True,n_exit_downstream_cells
2561090,14,24.92097877854858,4.852400437842342,40934474,4.852400437842342,0.19471147104459555,7,4,True,2561091.0,True,n_exit_downstream_cells
2561182,21,31.093632012644925,5.007048831480644,40936426,5.007048831480644,0.16103132723267627,7,4,True,2561183.0,True,n_exit_downstream_cells
2581066,13,19.33938241573349,6.378903930118499,40922490,6.378903930118499,0.32984010517983053,7,4,True,2581067.0,True,n_exit_downstream_cells
2601062,13,29.840730496978267,10.946016197546381,40912010,10.946016197546381,0.3668146193222313,7,4,True,2601061.0,True,n_exit_downstream_cells
2601096,12,22.254291551072892,5.374570353071162,40915090,5.374570353071162,0.24150714214993965,7,4,True,2591096.0,True,n_exit_downstream_cells
2601148,19,32.17495406008094,4.270394154052243,40913927,4.270394154052243,0.13272417253737331,7,4,True,2591148.0,True,n_exit_downstream_cells
2641130,11,25.97494256911424,5.338568080217672,40889630,5.338568080217672,0.20552761824257307,7,4,True,2631130.0,True,n_exit_downstream_cells
2661184,9,14.184399691123344,4.241573673659618,40876290,4.241573673659618,0.29903089069846306,7,4,True,2661183.0,True,n_exit_downstream_cells
2681180,13,23.295092412166564,6.735173198175394,40868428,6.735173198175394,0.28912412447257546,7,4,True,2671180.0,True,n_exit_downstream_cells
2721138,15,28.08757518164765,4.4764315774441465,40839291,4.4764315774441465,0.1593740843947624,7,4,True,2721139.0,True,n_exit_downstream_cells
2761164,15,30.522333760906662,7.7639160784126915,40811941,7.7639160784126915,0.25436836315435357,7,4,True,2771164.0,True,n_exit_downstream_cells
2781176,15,27.873599810800467,5.401085493253736,40800261,5.401085493253736,0.1937706478501181,7,4,True,2781175.0,True,n_exit_downstream_cells
2781182,11,26.03829294004127,6.200043654612744,40799180,6.200043654612744,0.23811252407712244,7,4,True,2781181.0,True,n_exit_downstream_cells
